DAC0_V,DAC1_V,Diff0_V,Diff1_V,ADS0_V,ADS1_V,ADS0_Raw,ADS1_Raw,DAC0_Raw,DAC1_Raw,Vref
0.01533,0.01533,-0.00169,-0.00064,0.01703,0.01598,90.80,85.20,100,100,5.02470
0.03067,0.03067,-0.00196,-0.00083,0.03263,0.03150,174.00,168.00,200,200,5.02410
0.04597,0.04597,-0.00107,-0.00132,0.04704,0.04729,250.90,252.20,300,300,5.02093
0.06126,0.06126,-0.00161,-0.00201,0.06287,0.06326,335.30,337.40,400,400,5.01803
0.07654,0.07654,-0.00090,-0.00140,0.07744,0.07794,413.00,415.70,500,500,5.01592
0.09181,0.09181,-0.00182,-0.00227,0.09364,0.09409,499.40,501.80,600,600,5.01409
0.10709,0.10709,-0.00119,-0.00170,0.10828,0.10879,577.50,580.20,700,700,5.01274
0.12232,0.12232,-0.00184,-0.00355,0.12416,0.12587,662.20,671.30,800,800,5.01009
0.13758,0.13758,-0.00119,-0.00296,0.13877,0.14053,740.10,749.50,900,900,5.00884
0.15282,0.15282,-0.00171,-0.00355,0.15454,0.15638,824.20,834.00,1000,1000,5.00756
0.16806,0.16806,-0.00122,-0.00103,0.16928,0.16909,902.80,901.80,1100,1100,5.00606
0.18330,0.18330,-0.00177,-0.00175,0.18506,0.18504,987.00,986.90,1200,1200,5.00505
0.19852,0.19852,-0.00111,-0.00218,0.19963,0.20070,1064.70,1070.40,1300,1300,5.00383
0.21378,0.21378,-0.00159,-0.00269,0.21536,0.21647,1148.60,1154.50,1400,1400,5.00342
0.22901,0.22901,-0.00094,-0.00202,0.22995,0.23104,1226.40,1232.20,1500,1500,5.00273
0.24426,0.24426,-0.00200,-0.00296,0.24626,0.24722,1313.40,1318.50,1600,1600,5.00229
0.25953,0.25953,-0.00130,-0.00243,0.26083,0.26196,1391.10,1397.10,1700,1700,5.00229
0.27480,0.27480,-0.00194,-0.00362,0.27673,0.27842,1475.90,1484.90,1800,1800,5.00235
0.29010,0.29010,-0.00113,-0.00289,0.29122,0.29299,1553.20,1562.60,1900,1900,5.00295
0.30560,0.30560,-0.00141,-0.00290,0.30701,0.30849,1637.40,1645.30,2000,2000,5.00678
0.32083,0.32083,-0.00323,-0.00025,0.32406,0.32108,1728.30,1712.40,2100,2100,5.00601
0.33618,0.33618,-0.00353,-0.00064,0.33971,0.33683,1811.80,1796.40,2200,2200,5.00713
0.35122,0.35122,-0.00314,-0.00040,0.35436,0.35162,1889.90,1875.30,2300,2300,5.00361
0.36658,0.36658,-0.00364,-0.00165,0.37022,0.36823,1974.50,1963.90,2400,2400,5.00492
0.38192,0.38192,-0.00283,-0.00092,0.38475,0.38284,2052.00,2041.80,2500,2500,5.00572
0.39730,0.39730,-0.00353,-0.00130,0.40084,0.39861,2137.80,2125.90,2600,2600,5.00711
0.41270,0.41270,-0.00276,-0.00032,0.41546,0.41303,2215.80,2202.80,2700,2700,5.00850
0.42804,0.42804,-0.00312,-0.00072,0.43116,0.42876,2299.50,2286.70,2800,2800,5.00914
0.44336,0.44336,-0.00242,-0.00079,0.44578,0.44415,2377.50,2368.80,2900,2900,5.00947
0.45871,0.45871,-0.00271,-0.00110,0.46142,0.45981,2460.90,2452.30,3000,3000,5.01013
0.47402,0.47402,-0.00220,0.00142,0.47621,0.47259,2539.80,2520.50,3100,3100,5.01036
0.48935,0.48935,-0.00280,0.00087,0.49215,0.48847,2624.80,2605.20,3200,3200,5.01077
0.50465,0.50465,-0.00218,0.00172,0.50683,0.50293,2703.10,2682.30,3300,3300,5.01084
0.51998,0.51998,-0.00243,0.00048,0.52241,0.51951,2786.20,2770.70,3400,3400,5.01126
0.53527,0.53527,-0.00183,0.00106,0.53709,0.53421,2864.50,2849.10,3500,3500,5.01118
0.55064,0.55064,-0.00257,0.00043,0.55322,0.55022,2950.50,2934.50,3600,3600,5.01193
0.56594,0.56594,-0.00189,0.00124,0.56782,0.56469,3028.40,3011.70,3700,3700,5.01189
0.58130,0.58130,-0.00231,0.00082,0.58361,0.58048,3112.60,3095.90,3800,3800,5.01249
0.59655,0.59655,-0.00142,0.00073,0.59798,0.59582,3189.20,3177.70,3900,3900,5.01212
0.61189,0.61189,-0.00223,0.00008,0.61412,0.61181,3275.30,3263.00,4000,4000,5.01246
0.62709,0.62709,-0.00017,0.00126,0.62726,0.62584,3345.40,3337.80,4100,4100,5.01171
0.64244,0.64244,-0.00067,0.00096,0.64311,0.64148,3429.90,3421.20,4200,4200,5.01208
0.65775,0.65775,0.00007,0.00172,0.65768,0.65602,3507.60,3498.80,4300,4300,5.01218
0.67306,0.67306,-0.00039,0.00033,0.67344,0.67273,3591.70,3587.90,4400,4400,5.01229
0.68839,0.68839,0.00036,0.00116,0.68803,0.68722,3669.50,3665.20,4500,4500,5.01253
0.70364,0.70364,-0.00016,0.00074,0.70380,0.70290,3753.60,3748.80,4600,4600,5.01221
0.71898,0.71898,0.00029,0.00123,0.71869,0.71775,3833.00,3828.00,4700,4700,5.01251
0.73430,0.73430,-0.00032,0.00060,0.73462,0.73371,3918.00,3913.10,4800,4800,5.01270
0.74957,0.74957,0.00038,0.00047,0.74919,0.74910,3995.70,3995.20,4900,4900,5.01251
0.76496,0.76496,-0.00009,0.00013,0.76506,0.76483,4080.30,4079.10,5000,5000,5.01311
0.78029,0.78029,0.00076,0.00100,0.77953,0.77929,4157.50,4156.20,5100,5100,5.01326
0.79554,0.79554,-0.00027,0.00206,0.79581,0.79348,4244.30,4231.90,5200,5200,5.01296
0.81091,0.81091,0.00059,0.00284,0.81032,0.80807,4321.70,4309.70,5300,5300,5.01343
0.82624,0.82624,0.00018,0.00160,0.82607,0.82464,4405.70,4398.10,5400,5400,5.01362
0.84162,0.84162,0.00089,0.00235,0.84073,0.83927,4483.90,4476.10,5500,5500,5.01407
0.85695,0.85695,0.00028,0.00182,0.85667,0.85513,4568.90,4560.70,5600,5600,5.01424
0.87223,0.87223,0.00067,0.00230,0.87156,0.86993,4648.30,4639.60,5700,5700,5.01409
0.88755,0.88755,0.00025,0.00188,0.88731,0.88568,4732.30,4723.60,5800,5800,5.01422
0.90279,0.90279,0.00099,0.00179,0.90180,0.90099,4809.60,4805.30,5900,5900,5.01382
0.91831,0.91831,0.00061,0.00151,0.91770,0.91680,4894.40,4889.60,6000,6000,5.01504
0.93370,0.93370,0.00138,0.00226,0.93233,0.93144,4972.40,4967.70,6100,6100,5.01551
0.94882,0.94882,-0.00111,0.00339,0.94993,0.94543,5066.30,5042.30,6200,6200,5.01452
0.96420,0.96420,-0.00034,0.00423,0.96454,0.95996,5144.20,5119.80,6300,6300,5.01489
0.97932,0.97932,-0.00098,0.00277,0.98031,0.97656,5228.30,5208.30,6400,6400,5.01397
0.99481,0.99481,-0.00020,0.00361,0.99501,0.99120,5306.70,5286.40,6500,6500,5.01491
1.01015,1.01015,-0.00070,0.00307,1.01085,1.00708,5391.20,5371.10,6600,6600,5.01510
1.02549,1.02549,-0.00008,0.00358,1.02557,1.02191,5469.70,5450.20,6700,6700,5.01527
1.04091,1.04091,-0.00055,0.00320,1.04147,1.03772,5554.50,5534.50,6800,6800,5.01583
1.05614,1.05614,0.00010,0.00398,1.05604,1.05216,5632.20,5611.50,6900,6900,5.01544
1.07149,1.07149,-0.00024,0.00283,1.07173,1.06866,5715.90,5699.50,7000,7000,5.01564
1.08685,1.08685,0.00046,0.00351,1.08639,1.08334,5794.10,5777.80,7100,7100,5.01589
1.10208,1.10208,-0.00072,0.00425,1.10280,1.09783,5881.60,5855.10,7200,7200,5.01553
1.11734,1.11734,-0.00001,0.00489,1.11735,1.11246,5959.20,5933.10,7300,7300,5.01534
1.13279,1.13279,-0.00040,0.00468,1.13319,1.12811,6043.70,6016.60,7400,7400,5.01598
1.14812,1.14812,0.00049,0.00462,1.14763,1.14351,6120.70,6098.70,7500,7500,5.01608
1.16353,1.16353,0.00000,0.00429,1.16353,1.15924,6205.50,6182.60,7600,7600,5.01651
1.17876,1.17876,0.00042,0.00451,1.17834,1.17426,6284.50,6262.70,7700,7700,5.01617
1.19414,1.19414,0.00014,0.00425,1.19400,1.18989,6368.00,6346.10,7800,7800,5.01647
1.20950,1.20950,0.00069,0.00496,1.20881,1.20454,6447.00,6424.20,7900,7900,5.01667
1.22479,1.22479,0.00024,0.00375,1.22454,1.22104,6530.90,6512.20,8000,8000,5.01658
1.24005,1.24005,0.00071,0.00427,1.23934,1.23577,6609.80,6590.80,8100,8100,5.01638
1.25508,1.25508,-0.00219,0.00261,1.25726,1.25246,6705.40,6679.80,8200,8200,5.01525
1.27047,1.27047,-0.00138,0.00359,1.27185,1.26688,6783.20,6756.70,8300,8300,5.01561
1.28570,1.28570,-0.00198,0.00293,1.28768,1.28276,6867.60,6841.40,8400,8400,5.01529
1.30097,1.30097,-0.00122,0.00291,1.30219,1.29806,6945.00,6923.00,8500,8500,5.01516
1.31639,1.31639,-0.00170,0.00250,1.31809,1.31389,7029.80,7007.40,8600,8600,5.01559
1.33175,1.33175,-0.00085,0.00339,1.33260,1.32836,7107.20,7084.60,8700,8700,5.01579
1.34696,1.34696,-0.00169,0.00247,1.34865,1.34449,7192.80,7170.60,8800,8800,5.01542
1.36255,1.36255,-0.00084,0.00336,1.36339,1.35919,7271.40,7249.00,8900,8900,5.01647
1.37771,1.37771,-0.00126,0.00219,1.37897,1.37552,7354.50,7336.10,9000,9000,5.01592
1.39311,1.39311,-0.00048,0.00293,1.39359,1.39018,7432.50,7414.30,9100,9100,5.01628
1.40838,1.40838,-0.00110,0.00244,1.40948,1.40593,7517.20,7498.30,9200,9200,5.01611
1.42357,1.42357,-0.00103,0.00422,1.42461,1.41936,7597.90,7569.90,9300,9300,5.01572
1.43900,1.43900,-0.00140,0.00402,1.44039,1.43498,7682.10,7653.20,9400,9400,5.01613
1.45429,1.45429,-0.00065,0.00400,1.45494,1.45029,7759.70,7734.90,9500,9500,5.01608
1.46952,1.46952,-0.00135,0.00325,1.47086,1.46627,7844.60,7820.10,9600,9600,5.01579
1.48496,1.48496,-0.00053,0.00416,1.48549,1.48080,7922.60,7897.60,9700,9700,5.01626
1.50030,1.50030,-0.00103,0.00345,1.50133,1.49685,8007.10,7983.20,9800,9800,5.01636
1.51573,1.51573,-0.00034,0.00429,1.51607,1.51144,8085.70,8061.00,9900,9900,5.01675
1.53100,1.53100,-0.00080,0.00295,1.53180,1.52805,8169.60,8149.60,10000,10000,5.01662
1.54619,1.54619,-0.00018,0.00367,1.54637,1.54252,8247.30,8226.80,10100,10100,5.01624
1.56166,1.56166,-0.00055,0.00333,1.56221,1.55833,8331.80,8311.10,10200,10200,5.01675
1.57705,1.57705,-0.00101,0.00561,1.57806,1.57144,8416.30,8381.00,10300,10300,5.01699
1.59214,1.59214,-0.00195,0.00477,1.59409,1.58738,8501.80,8466.00,10400,10400,5.01632
1.60747,1.60747,-0.00117,0.00479,1.60864,1.60267,8579.40,8547.60,10500,10500,5.01638
1.62294,1.62294,-0.00130,0.00462,1.62424,1.61831,8662.60,8631.00,10600,10600,5.01686
1.63845,1.63845,-0.00050,0.00565,1.63896,1.63281,8741.10,8708.30,10700,10700,5.01750
1.65358,1.65358,-0.00122,0.00461,1.65480,1.64897,8825.60,8794.50,10800,10800,5.01692
1.66894,1.66894,-0.00063,0.00526,1.66958,1.66369,8904.40,8873.00,10900,10900,5.01709
1.68422,1.68422,-0.00101,0.00491,1.68523,1.67931,8987.90,8956.30,11000,11000,5.01697
1.69942,1.69942,-0.00031,0.00485,1.69973,1.69457,9065.20,9037.70,11100,11100,5.01666
1.71478,1.71478,-0.00103,0.00422,1.71581,1.71056,9151.00,9123.00,11200,11200,5.01681
1.73017,1.73017,-0.00094,0.00613,1.73111,1.72404,9232.60,9194.90,11300,11300,5.01703
1.74537,1.74537,-0.00174,0.00529,1.74711,1.74008,9317.90,9280.40,11400,11400,5.01671
1.76074,1.76074,-0.00082,0.00623,1.76156,1.75451,9395.00,9357.40,11500,11500,5.01688
1.77605,1.77605,-0.00124,0.00511,1.77729,1.77094,9478.90,9445.00,11600,11600,5.01688
1.79157,1.79157,-0.00042,0.00601,1.79199,1.78556,9557.30,9523.00,11700,11700,5.01748
1.80669,1.80669,-0.00107,0.00485,1.80776,1.80184,9641.40,9609.80,11800,11800,5.01694
1.82217,1.82217,-0.00020,0.00593,1.82237,1.81624,9719.30,9686.60,11900,11900,5.01739
1.83743,1.83743,-0.00104,0.00524,1.83848,1.83219,9805.20,9771.70,12000,12000,5.01726
1.85268,1.85268,-0.00025,0.00528,1.85293,1.84740,9882.30,9852.80,12100,12100,5.01709
1.86799,1.86799,-0.00073,0.00479,1.86872,1.86321,9966.50,9937.10,12200,12200,5.01709
1.88318,1.88318,0.00111,0.00614,1.88207,1.87704,10037.70,10010.90,12300,12300,5.01677
1.89849,1.89849,0.00067,0.00583,1.89782,1.89266,10121.70,10094.20,12400,12400,5.01677
1.91389,1.91389,0.00141,0.00655,1.91248,1.90734,10199.90,10172.50,12500,12500,5.01699
1.92915,1.92915,0.00101,0.00548,1.92814,1.92367,10283.40,10259.60,12600,12600,5.01686
1.94440,1.94440,0.00156,0.00606,1.94284,1.93834,10361.80,10337.80,12700,12700,5.01669
1.95987,1.95987,0.00102,0.00528,1.95885,1.95459,10447.20,10424.50,12800,12800,5.01713
1.97513,1.97513,0.00179,0.00595,1.97334,1.96918,10524.50,10502.30,12900,12900,5.01699
1.99059,1.99059,0.00137,0.00555,1.98923,1.98504,10609.20,10586.90,13000,13000,5.01737
2.00570,2.00570,0.00206,0.00557,2.00364,2.00014,10686.10,10667.40,13100,13100,5.01686
2.02134,2.02134,0.00161,0.00534,2.01973,2.01600,10771.90,10752.00,13200,13200,5.01767
2.03658,2.03658,0.00242,0.00615,2.03417,2.03044,10848.90,10829.00,13300,13300,5.01750
2.05360,2.05360,0.00265,0.00826,2.05095,2.04534,10938.40,10908.50,13400,13400,5.02166
2.07084,2.07084,0.00519,0.01082,2.06565,2.06002,11016.80,10986.80,13500,13500,5.02631
2.08615,2.08615,0.00452,0.00964,2.08162,2.07651,11102.00,11074.70,13600,13600,5.0262.42289,2.42289,0.00497,0.01098,2.41792,2.41191,12895.60,12863.50,15800,15800,5.02474
2.43424,2.43424,0.00182,0.00733,2.43242,2.42691,12972.90,12943.50,15900,15900,5.01653
2.44958,2.44958,0.00100,0.00666,2.44858,2.44292,13059.10,13028.90,16000,16000,5.01658
2.46483,2.46483,0.00176,0.00742,2.46308,2.45741,13136.40,13106.20,16100,16100,5.01647
2.48002,2.48002,0.00131,0.00643,2.47871,2.47359,13219.80,13192.50,16200,16200,5.01622
2.49540,2.49540,0.00205,0.00707,2.49336,2.48833,13297.90,13271.10,16300,16300,5.01638
2.50961,2.50961,0.00691,0.00796,2.50269,2.50164,13347.70,13342.10,16400,16400,5.01416
2.52555,2.52555,0.00827,0.00949,2.51728,2.51606,13425.50,13419.00,16500,16500,5.01544
2.54078,2.54078,0.00762,0.00899,2.53316,2.53179,13510.20,13502.90,16600,16600,5.01529
2.55623,2.55623,0.00856,0.00931,2.54767,2.54693,13587.60,13583.60,16700,16700,5.01557
2.57168,2.57168,0.00782,0.00871,2.56386,2.56298,13673.90,13669.20,16800,16800,5.01585
2.58633,2.58633,0.00798,0.00836,2.57835,2.57798,13751.20,13749.20,16900,16900,5.01458
2.60191,2.60191,0.00794,0.00846,2.59397,2.59344,13834.50,13831.70,17000,17000,5.01510
2.61744,2.61744,0.00875,0.00931,2.60869,2.60812,13913.00,13910.00,17100,17100,5.01553
2.63270,2.63270,0.00823,0.00831,2.62448,2.62440,13997.20,13996.80,17200,17200,5.01546
2.64770,2.64770,0.00849,0.00872,2.63921,2.63899,14075.80,14074.60,17300,17300,5.01487
2.66355,2.66355,0.00866,0.00894,2.65489,2.65461,14159.40,14157.90,17400,17400,5.01589
2.67813,2.67813,0.00740,0.00930,2.67073,2.66884,14243.90,14233.80,17500,17500,5.01454
2.69393,2.69393,0.00696,0.00914,2.68697,2.68479,14330.50,14318.90,17600,17600,5.01546
2.70873,2.70873,0.00727,0.00892,2.70146,2.69981,14407.80,14399.00,17700,17700,5.01452
2.72452,2.72452,0.00714,0.00892,2.71738,2.71560,14492.70,14483.20,17800,17800,5.01542
2.73985,2.73985,0.00798,0.00968,2.73187,2.73017,14570.00,14560.90,17900,17900,5.01546
2.75480,2.75480,0.00726,0.00858,2.74753,2.74622,14653.50,14646.50,18000,18000,5.01480
2.77051,2.77051,0.00836,0.00969,2.76216,2.76083,14731.50,14724.40,18100,18100,5.01555
2.78578,2.78578,0.00776,0.00872,2.77802,2.77706,14816.10,14811.00,18200,18200,5.01547
2.80133,2.80133,0.00876,0.00979,2.79257,2.79154,14893.70,14888.20,18300,18300,5.01591
2.81612,2.81612,0.00744,0.00849,2.80868,2.80763,14979.60,14974.00,18400,18400,5.01499
2.83111,2.83111,0.00752,0.00985,2.82358,2.82126,15059.10,15046.70,18500,18500,5.01442
2.84675,2.84675,0.00733,0.00965,2.83942,2.83710,15143.60,15131.20,18600,18600,5.01503
2.86185,2.86185,0.00782,0.00973,2.85403,2.85212,15221.50,15211.30,18700,18700,5.01467
2.87739,2.87739,0.00769,0.00971,2.86971,2.86768,15305.10,15294.30,18800,18800,5.01508
2.89270,2.89270,0.00812,0.01032,2.88458,2.88238,15384.40,15372.70,18900,18900,5.01508
2.90814,2.90814,0.00801,0.00956,2.90014,2.89858,15467.40,15459.10,19000,19000,5.01533
2.92318,2.92318,0.00821,0.00982,2.91497,2.91336,15546.50,15537.90,19100,19100,5.01486
2.93847,2.93847,0.00764,0.00886,2.93083,2.92961,15631.10,15624.60,19200,19200,5.01484
2.95359,2.95359,0.00824,0.00946,2.94534,2.94412,15708.50,15702.00,19300,19300,5.01452
2.96896,2.96896,0.00760,0.00897,2.96136,2.95999,15793.90,15786.60,19400,19400,5.01463
2.98424,2.98424,0.00715,0.01019,2.97709,2.97405,15877.80,15861.60,19500,19500,5.01459
2.99964,2.99964,0.00651,0.00960,2.99314,2.99004,15963.40,15946.90,19600,19600,5.01476
3.01506,3.01506,0.00739,0.01051,3.00767,3.00456,16040.90,16024.30,19700,19700,5.01495
3.03037,3.03037,0.00697,0.00984,3.02340,3.02053,16124.80,16109.50,19800,19800,5.01495
3.04571,3.04571,0.00761,0.01038,3.03810,3.03533,16203.20,16188.40,19900,19900,5.01501
3.06072,3.06072,0.00684,0.00909,3.05389,3.05164,16287.40,16275.40,20000,20000,5.01454
3.07603,3.07603,0.00733,0.00958,3.06870,3.06645,16366.40,16354.40,20100,20100,5.01454
3.09182,3.09182,0.00754,0.00990,3.08428,3.08192,16449.50,16436.90,20200,20200,5.01533
3.10688,3.10688,0.00805,0.01024,3.09883,3.09664,16527.10,16515.40,20300,20300,5.01493
3.12187,3.12187,0.00704,0.00924,3.11483,3.11263,16612.40,16600.70,20400,20400,5.01442
3.13674,3.13674,0.00841,0.01023,3.12832,3.12651,16684.40,16674.70,20500,20500,5.01373
3.15222,3.15222,0.00833,0.01039,3.14389,3.14183,16767.40,16756.40,20600,20600,5.01401
3.16747,3.16747,0.00875,0.01089,3.15872,3.15658,16846.50,16835.10,20700,20700,5.01394
3.18246,3.18246,0.00766,0.00953,3.17481,3.17293,16932.30,16922.30,20800,20800,5.01345
3.19815,3.19815,0.00879,0.01063,3.18936,3.18752,17009.90,17000.10,20900,20900,5.01405
3.21353,3.21353,0.00874,0.00994,3.20479,3.20359,17092.20,17085.80,21000,21000,5.01418
3.22883,3.22883,0.00948,0.01075,3.21936,3.21808,17169.90,17163.10,21100,21100,5.01418
3.24429,3.24429,0.00894,0.01022,3.23535,3.23408,17255.20,17248.40,21200,21200,5.01442
3.25939,3.25939,0.00958,0.01048,3.24981,3.24891,17332.30,17327.50,21300,21300,5.01411
3.27457,3.27457,0.00879,0.00990,3.26578,3.26467,17417.50,17411.60,21400,21400,5.01392
3.29041,3.29041,0.01029,0.01154,3.28013,3.27887,17494.00,17487.30,21500,21500,5.01474
3.30525,3.30525,0.00744,0.01029,3.29781,3.29496,17588.30,17573.10,21600,21600,5.01403
3.32039,3.32039,0.00783,0.01079,3.31256,3.30960,17667.00,17651.20,21700,21700,5.01379
3.33569,3.33569,0.00775,0.01015,3.32794,3.32554,17749.00,17736.20,21800,21800,5.01379
3.35123,3.35123,0.00818,0.01099,3.34305,3.34024,17829.60,17814.60,21900,21900,5.01414
3.36676,3.36676,0.00820,0.01092,3.35856,3.35584,17912.30,17897.80,22000,22000,5.01448
3.38147,3.38147,0.00844,0.01037,3.37303,3.37110,17989.50,17979.20,22100,22100,5.01360
3.39706,3.39706,0.00828,0.01045,3.38878,3.38661,18073.50,18061.90,22200,22200,5.01403
3.41229,3.41229,0.00884,0.01064,3.40344,3.40164,18151.70,18142.10,22300,22300,5.01392
3.42740,3.42740,0.00775,0.00970,3.41964,3.41769,18238.10,18227.70,22400,22400,5.01364
3.44297,3.44297,0.00898,0.01100,3.43399,3.43196,18314.60,18303.80,22500,22500,5.01403
3.45765,3.45765,0.00789,0.01037,3.44976,3.44728,18398.70,18385.50,22600,22600,5.01313
3.47299,3.47299,0.00846,0.01110,3.46453,3.46189,18477.50,18463.40,22700,22700,5.01319
3.48749,3.48749,0.00713,0.00935,3.48036,3.47814,18561.90,18550.10,22800,22800,5.01204
3.50365,3.50365,0.00929,0.01141,3.49436,3.49224,18636.60,18625.30,22900,22900,5.01328
3.51891,3.51891,0.00844,0.01090,3.51047,3.50801,18722.50,18709.40,23000,23000,5.01323
3.53400,3.53400,0.00926,0.01089,3.52474,3.52311,18798.60,18789.90,23100,23100,5.01293
3.54898,3.54898,0.00793,0.00962,3.54105,3.53936,18885.60,18876.60,23200,23200,5.01248
3.56386,3.56386,0.00817,0.00956,3.55569,3.55431,18963.70,18956.30,23300,23300,5.01189
3.58002,3.58002,0.00915,0.01054,3.57086,3.56947,19044.60,19037.20,23400,23400,5.01309
3.59499,3.59499,0.00911,0.01065,3.58588,3.58434,19124.70,19116.50,23500,23500,5.01264
3.60974,3.60974,0.00623,0.00938,3.60351,3.60036,19218.70,19201.90,23600,23600,5.01188
3.62510,3.62510,0.00671,0.00988,3.61839,3.61522,19298.10,19281.20,23700,23700,5.01197
3.64067,3.64067,0.00699,0.01033,3.63367,3.63034,19379.60,19361.80,23800,23800,5.01234
3.65612,3.65612,0.00797,0.01087,3.64815,3.64524,19456.80,19441.30,23900,23900,5.01255
3.67070,3.67070,0.00627,0.00924,3.66442,3.66146,19543.60,19527.80,24000,24000,5.01158
3.68634,3.68634,0.00746,0.00984,3.67888,3.67650,19620.70,19608.00,24100,24100,5.01204
3.70187,3.70187,0.00715,0.00945,3.69472,3.69242,19705.20,19692.90,24200,24200,5.01236
3.71731,3.71731,0.00837,0.01088,3.70894,3.70642,19781.00,19767.60,24300,24300,5.01255
3.73223,3.73223,0.00737,0.00956,3.72486,3.72266,19865.90,19854.20,24400,24400,5.01204
3.74751,3.74751,0.00795,0.01026,3.73956,3.73725,19944.30,19932.00,24500,24500,5.01203
3.76216,3.76216,0.00578,0.00783,3.75638,3.75433,20034.00,20023.10,24600,24600,5.01116
3.77744,3.77744,0.00689,0.00897,3.77055,3.76847,20109.60,20098.50,24700,24700,5.01114
3.79267,3.79267,0.00564,0.00797,3.78703,3.78471,20197.50,20185.10,24800,24800,5.01107
3.80781,3.80781,0.00613,0.00805,3.80167,3.79976,20275.60,20265.40,24900,24900,5.01086
3.82329,3.82329,0.00601,0.00804,3.81728,3.81525,20358.80,20348.00,25000,25000,5.01111
3.83858,3.83858,0.00679,0.00809,3.83179,3.83049,20436.20,20429.30,25100,25100,5.01111
3.85379,3.85379,0.00670,0.00790,3.84709,3.84589,20517.80,20511.40,25200,25200,5.01099
3.86917,3.86917,0.00721,0.00854,3.86196,3.86063,20597.10,20590.00,25300,25300,5.01111
3.88442,3.88442,0.00684,0.00804,3.87758,3.87637,20680.40,20674.00,25400,25400,5.01105
3.89988,3.89988,0.00731,0.00868,3.89258,3.89121,20760.40,20753.10,25500,25500,5.01128
3.91510,3.91510,0.00453,0.00706,3.91058,3.90804,20856.40,20842.90,25600,25600,5.01118
3.93040,3.93040,0.00557,0.00810,3.92483,3.92229,20932.40,20918.90,25700,25700,5.01118
3.94574,3.94574,0.00503,0.00782,3.94071,3.93791,21017.10,21002.20,25800,25800,5.01124
3.96098,3.96098,0.00573,0.00828,3.95526,3.95271,21094.70,21081.10,25900,25900,5.01118
3.97646,3.97646,0.00498,0.00761,3.97147,3.96885,21181.20,21167.20,26000,26000,5.01141
3.99189,3.99189,0.00624,0.00897,3.98565,3.98291,21256.80,21242.20,26100,26100,5.01158
4.00682,4.00682,0.00563,0.00758,4.00119,3.99924,21339.70,21329.30,26200,26200,5.01113
4.02225,4.02225,0.00639,0.00836,4.01586,4.01389,21417.90,21407.40,26300,26300,5.01129
4.03739,4.03739,0.00537,0.00729,4.03202,4.03011,21504.10,21493.90,26400,26400,5.01111
4.05287,4.05287,0.00605,0.00787,4.04681,4.04499,21583.00,21573.30,26500,26500,5.01133
4.06778,4.06778,0.00561,0.00762,4.06217,4.06016,21664.90,21654.20,26600,26600,5.01086
4.08322,4.08322,0.00684,0.00825,4.07638,4.07498,21740.70,21733.20,26700,26700,5.01105
4.09846,4.09846,0.00618,0.00760,4.09228,4.09086,21825.50,21817.90,26800,26800,5.01097
4.11390,4.11390,0.00694,0.00833,4.10696,4.10558,21903.80,21896.40,26900,26900,5.01116
4.12890,4.12890,0.00658,0.00816,4.12232,4.12074,21985.70,21977.30,27000,27000,5.01081
4.14458,4.14458,0.00756,0.00899,4.13702,4.13559,22064.10,22056.50,27100,27100,5.01128
4.15960,4.15960,0.00670,0.00733,4.15290,4.15226,22148.80,22145.40,27200,27200,5.01094
4.17544,4.17544,0.00787,0.00853,4.16756,4.16691,22227.00,22223.50,27300,27300,5.01159
4.19065,4.19065,0.00721,0.00779,4.18344,4.18286,22311.70,22308.60,27400,27400,5.01150
4.20569,4.20569,0.00802,0.00856,4.19767,4.19713,22387.60,22384.70,27500,27500,5.01120
4.22138,4.22138,0.00770,0.00822,4.21369,4.21316,22473.00,22470.20,27600,27600,5.01167
4.23625,4.23625,0.00589,0.00781,4.23036,4.22844,22561.90,22551.70,27700,27700,5.01116
4.25162,4.25162,0.00531,0.00750,4.24631,4.24412,22647.00,22635.30,27800,27800,5.01126
4.26687,4.26687,0.00636,0.00839,4.26051,4.25848,22722.70,22711.90,27900,27900,5.01120
4.28240,4.28240,0.00571,0.00778,4.27669,4.27462,22809.00,22798.00,28000,28000,5.01148
4.29744,4.29744,0.00581,0.00793,4.29163,4.28951,22888.70,22877.40,28100,28100,5.01118
4.31306,4.31306,0.00635,0.00727,4.30671,4.30579,22969.10,22964.20,28200,28200,5.01156
4.32817,4.32817,0.00645,0.00744,4.32172,4.32073,23049.20,23043.90,28300,28300,5.01135
4.34361,4.34361,0.00634,0.00766,4.33727,4.33596,23132.10,23125.10,28400,28400,5.01152
4.35853,4.35853,0.00671,0.00776,4.35182,4.35077,23209.70,23204.10,28500,28500,5.01109
4.37433,4.37433,0.00674,0.00777,4.36759,4.36656,23293.80,23288.30,28600,28600,5.01167
4.38739,4.38739,0.00571,0.00659,4.38169,4.38081,23369.00,23364.30,28700,28700,5.00912
4.40327,4.40327,0.00516,0.00612,4.39811,4.39716,23456.60,23451.50,28800,28800,5.00979
4.41831,4.41831,0.00603,0.00711,4.41229,4.41120,23532.20,23526.40,28900,28900,5.00951
4.43367,4.43367,0.00559,0.00683,4.42808,4.42684,23616.40,23609.80,29000,29000,5.00959
4.44891,4.44891,0.00611,0.00746,4.44279,4.44144,23694.90,23687.70,29100,29100,5.00953
4.46413,4.46413,0.00596,0.00596,4.45817,4.45817,23776.90,23776.90,29200,29200,5.00946
4.47940,4.47940,0.00685,0.00706,4.47255,4.47234,23853.60,23852.50,29300,29300,5.00944
4.49521,4.49521,0.00668,0.00708,4.48853,4.48813,23938.80,23936.70,29400,29400,5.01002
4.50982,4.50982,0.00686,0.00697,4.50296,4.50285,24015.80,24015.20,29500,29500,5.00927
4.52535,4.52535,0.00604,0.00637,4.51931,4.51897,24103.00,24101.20,29600,29600,5.00953
4.53916,4.53916,0.00286,0.00436,4.53630,4.53480,24193.60,24185.60,29700,29700,5.00790
4.55555,4.55555,0.00386,0.00555,4.55169,4.55001,24275.70,24266.70,29800,29800,5.00912
4.57077,4.57077,0.00430,0.00608,4.56647,4.56469,24354.50,24345.00,29900,29900,5.00904
4.58585,4.58585,0.00371,0.00539,4.58214,4.58046,24438.10,24429.10,30000,30000,5.00882
4.60143,4.60143,0.00429,0.00599,4.59714,4.59544,24518.10,24509.00,30100,30100,5.00914
4.61680,4.61680,0.00427,0.00622,4.61254,4.61059,24600.20,24589.80,30200,30200,5.00923
4.63148,4.63148,0.00464,0.00552,4.62684,4.62596,24676.50,24671.80,30300,30300,5.00857
4.64720,4.64720,0.00392,0.00491,4.64329,4.64229,24764.20,24758.90,30400,30400,5.00904
4.66233,4.66233,0.00453,0.00547,4.65780,4.65686,24841.60,24836.60,30500,30500,5.00887
4.67832,4.67832,0.00470,0.00552,4.67362,4.67280,24926.00,24921.60,30600,30600,5.00962
4.69315,4.69315,0.00518,0.00631,4.68797,4.68684,25002.50,24996.50,30700,30700,5.00914
4.70793,4.70793,0.00503,0.00464,4.70289,4.70329,25082.10,25084.20,30800,30800,5.00859
4.72320,4.72320,0.00566,0.00534,4.71754,4.71786,25160.20,25161.90,30900,30900,5.00857
4.73791,4.73791,0.00451,0.00425,4.73340,4.73366,25244.80,25246.20,31000,31000,5.00798
4.75357,4.75357,0.00598,0.00555,4.74759,4.74803,25320.50,25322.80,31100,31100,5.00837
4.76986,4.76986,0.00571,0.00561,4.76415,4.76424,25408.80,25409.30,31200,31200,5.00942
4.78470,4.78470,0.00643,0.00498,4.77827,4.77971,25484.10,25491.80,31300,31300,5.00895
4.80029,4.80029,0.00623,0.00528,4.79406,4.79501,25568.30,25573.40,31400,31400,5.00927
4.81592,4.81592,0.00722,0.00611,4.80870,4.80981,25646.40,25652.30,31500,31500,5.00962
4.83112,4.83112,0.00689,0.00586,4.82422,4.82526,25729.20,25734.70,31600,31600,5.00953
4.84633,4.84633,0.00703,0.00636,4.83930,4.83997,25809.60,25813.20,31700,31700,5.00946
4.86186,4.86186,0.00489,0.00503,4.85696,4.85683,25903.80,25903.10,31800,31800,5.00970
4.87742,4.87742,0.00534,0.00581,4.87208,4.87161,25984.40,25981.90,31900,31900,5.00998
4.89298,4.89298,0.00484,0.00540,4.88814,4.88758,26070.10,26067.10,32000,32000,5.01026
