DAC0_V, DAC1_V, Diff0_V, Diff1_V, ADS0_V, ADS1_V, ADS0_Raw, ADS1_Raw, DAC0_Raw, DAC1_Raw, Vref
0.00692,0.00692,-0.00180,-0.00080,0.00871,0.00771,46.47,41.14,45,45,5.04
DAC0_V, DAC1_V, Diff0_V, Diff1_V, ADS0_V, ADS1_V, ADS0_Raw, ADS1_Raw, DAC0_Raw, DAC1_Raw, Vref
0.01383,0.01383,-0.00212,-0.00112,0.01595,0.01494,85.06,79.69,90,90,5.03
DAC0_V, DAC1_V, Diff0_V, Diff1_V, ADS0_V, ADS1_V, ADS0_Raw, ADS1_Raw, DAC0_Raw, DAC1_Raw, Vref
0.02074,0.02074,-0.00139,-0.00044,0.02213,0.02118,118.01,112.95,135,135,5.03
DAC0_V, DAC1_V, Diff0_V, Diff1_V, ADS0_V, ADS1_V, ADS0_Raw, ADS1_Raw, DAC0_Raw, DAC1_Raw, Vref
0.02765,0.02765,-0.00179,-0.00073,0.02944,0.02838,157.00,151.38,180,180,5.03
DAC0_V, DAC1_V, Diff0_V, Diff1_V, ADS0_V, ADS1_V, ADS0_Raw, ADS1_Raw, DAC0_Raw, DAC1_Raw, Vref
0.03455,0.03455,-0.00224,-0.00139,0.03679,0.03594,196.23,191.67,225,225,5.03
DAC0_V, DAC1_V, Diff0_V, Diff1_V, ADS0_V, ADS1_V, ADS0_Raw, ADS1_Raw, DAC0_Raw, DAC1_Raw, Vref
0.04145,0.04145,-0.00130,-0.00156,0.04275,0.04301,228.02,229.37,270,270,5.03
DAC0_V, DAC1_V, Diff0_V, Diff1_V, ADS0_V, ADS1_V, ADS0_Raw, ADS1_Raw, DAC0_Raw, DAC1_Raw, Vref
0.04840,0.04840,-0.00160,-0.00197,0.05000,0.05036,266.64,268.59,315,315,5.03
DAC0_V, DAC1_V, Diff0_V, Diff1_V, ADS0_V, ADS1_V, ADS0_Raw, ADS1_Raw, DAC0_Raw, DAC1_Raw, Vref
0.05548,0.05548,-0.00190,-0.00229,0.05738,0.05777,306.02,308.10,360,360,5.05
DAC0_V, DAC1_V, Diff0_V, Diff1_V, ADS0_V, ADS1_V, ADS0_Raw, ADS1_Raw, DAC0_Raw, DAC1_Raw, Vref
0.06224,0.06224,-0.00117,-0.00169,0.06341,0.06393,338.19,340.95,405,405,5.04
DAC0_V, DAC1_V, Diff0_V, Diff1_V, ADS0_V, ADS1_V, ADS0_Raw, ADS1_Raw, DAC0_Raw, DAC1_Raw, Vref
0.06932,0.06932,-0.00150,-0.00204,0.07082,0.07136,377.73,380.60,450,450,5.05
DAC0_V, DAC1_V, Diff0_V, Diff1_V, ADS0_V, ADS1_V, ADS0_Raw, ADS1_Raw, DAC0_Raw, DAC1_Raw, Vref
0.07597,0.07597,-0.00088,-0.00150,0.07685,0.07746,409.86,413.13,495,495,5.03
DAC0_V, DAC1_V, Diff0_V, Diff1_V, ADS0_V, ADS1_V, ADS0_Raw, ADS1_Raw, DAC0_Raw, DAC1_Raw, Vref
0.08285,0.08285,-0.00172,-0.00218,0.08458,0.08504,451.07,453.54,540,540,5.03
DAC0_V, DAC1_V, Diff0_V, Diff1_V, ADS0_V, ADS1_V, ADS0_Raw, ADS1_Raw, DAC0_Raw, DAC1_Raw, Vref
0.08974,0.08974,-0.00220,-0.00271,0.09194,0.09245,490.32,493.07,585,585,5.03
DAC0_V, DAC1_V, Diff0_V, Diff1_V, ADS0_V, ADS1_V, ADS0_Raw, ADS1_Raw, DAC0_Raw, DAC1_Raw, Vref
0.09662,0.09662,-0.00138,-0.00199,0.09800,0.09860,522.67,525.89,630,630,5.03
DAC0_V, DAC1_V, Diff0_V, Diff1_V, ADS0_V, ADS1_V, ADS0_Raw, ADS1_Raw, DAC0_Raw, DAC1_Raw, Vref
0.10350,0.10350,-0.00186,-0.00258,0.10536,0.10608,561.94,565.76,675,675,5.02
DAC0_V, DAC1_V, Diff0_V, Diff1_V, ADS0_V, ADS1_V, ADS0_Raw, ADS1_Raw, DAC0_Raw, DAC1_Raw, Vref
0.11077,0.11077,-0.00178,-0.00260,0.11255,0.11337,600.25,604.65,720,720,5.04
DAC0_V, DAC1_V, Diff0_V, Diff1_V, ADS0_V, ADS1_V, ADS0_Raw, ADS1_Raw, DAC0_Raw, DAC1_Raw, Vref
0.11725,0.11725,-0.00140,-0.00219,0.11864,0.11944,632.75,637.00,765,765,5.02
DAC0_V, DAC1_V, Diff0_V, Diff1_V, ADS0_V, ADS1_V, ADS0_Raw, ADS1_Raw, DAC0_Raw, DAC1_Raw, Vref
0.12418,0.12418,-0.00175,-0.00370,0.12593,0.12788,671.62,682.04,810,810,5.02
DAC0_V, DAC1_V, Diff0_V, Diff1_V, ADS0_V, ADS1_V, ADS0_Raw, ADS1_Raw, DAC0_Raw, DAC1_Raw, Vref
0.13099,0.13099,-0.00099,-0.00301,0.13198,0.13400,703.91,714.67,855,855,5.02
DAC0_V, DAC1_V, Diff0_V, Diff1_V, ADS0_V, ADS1_V, ADS0_Raw, ADS1_Raw, DAC0_Raw, DAC1_Raw, Vref
0.13787,0.13787,-0.00151,-0.00364,0.13938,0.14151,743.37,754.72,900,900,5.02
DAC0_V, DAC1_V, Diff0_V, Diff1_V, ADS0_V, ADS1_V, ADS0_Raw, ADS1_Raw, DAC0_Raw, DAC1_Raw, Vref
0.14474,0.14474,-0.00193,-0.00408,0.14667,0.14882,782.25,793.73,945,945,5.02
DAC0_V, DAC1_V, Diff0_V, Diff1_V, ADS0_V, ADS1_V, ADS0_Raw, ADS1_Raw, DAC0_Raw, DAC1_Raw, Vref
0.15161,0.15161,-0.00102,-0.00319,0.15264,0.15480,814.07,825.60,990,990,5.02
DAC0_V, DAC1_V, Diff0_V, Diff1_V, ADS0_V, ADS1_V, ADS0_Raw, ADS1_Raw, DAC0_Raw, DAC1_Raw, Vref
0.15848,0.15848,-0.00165,-0.00184,0.16013,0.16032,854.03,855.03,1035,1035,5.02
DAC0_V, DAC1_V, Diff0_V, Diff1_V, ADS0_V, ADS1_V, ADS0_Raw, ADS1_Raw, DAC0_Raw, DAC1_Raw, Vref
0.16535,0.16535,-0.00207,-0.00227,0.16742,0.16762,892.89,894.00,1080,1080,5.02
DAC0_V, DAC1_V, Diff0_V, Diff1_V, ADS0_V, ADS1_V, ADS0_Raw, ADS1_Raw, DAC0_Raw, DAC1_Raw, Vref
0.17221,0.17221,-0.00142,-0.00164,0.17363,0.17386,926.04,927.23,1125,1125,5.02
DAC0_V, DAC1_V, Diff0_V, Diff1_V, ADS0_V, ADS1_V, ADS0_Raw, ADS1_Raw, DAC0_Raw, DAC1_Raw, Vref
0.17908,0.17908,-0.00178,-0.00215,0.18086,0.18123,964.59,966.57,1170,1170,5.02
DAC0_V, DAC1_V, Diff0_V, Diff1_V, ADS0_V, ADS1_V, ADS0_Raw, ADS1_Raw, DAC0_Raw, DAC1_Raw, Vref
0.18606,0.18606,-0.00085,-0.00124,0.18691,0.18730,996.84,998.93,1215,1215,5.02
DAC0_V, DAC1_V, Diff0_V, Diff1_V, ADS0_V, ADS1_V, ADS0_Raw, ADS1_Raw, DAC0_Raw, DAC1_Raw, Vref
0.19281,0.19281,-0.00150,-0.00189,0.19431,0.19470,1036.31,1038.41,1260,1260,5.01
DAC0_V, DAC1_V, Diff0_V, Diff1_V, ADS0_V, ADS1_V, ADS0_Raw, ADS1_Raw, DAC0_Raw, DAC1_Raw, Vref
0.19965,0.19965,-0.00177,-0.00328,0.20142,0.20293,1074.25,1082.31,1305,1305,5.01
DAC0_V, DAC1_V, Diff0_V, Diff1_V, ADS0_V, ADS1_V, ADS0_Raw, ADS1_Raw, DAC0_Raw, DAC1_Raw, Vref
0.20645,0.20645,-0.00116,-0.00269,0.20761,0.20914,1107.23,1115.40,1350,1350,5.01
DAC0_V, DAC1_V, Diff0_V, Diff1_V, ADS0_V, ADS1_V, ADS0_Raw, ADS1_Raw, DAC0_Raw, DAC1_Raw, Vref
0.21331,0.21331,-0.00159,-0.00316,0.21490,0.21647,1146.12,1154.50,1395,1395,5.01
DAC0_V, DAC1_V, Diff0_V, Diff1_V, ADS0_V, ADS1_V, ADS0_Raw, ADS1_Raw, DAC0_Raw, DAC1_Raw, Vref
0.22015,0.22015,-0.00211,-0.00377,0.22226,0.22393,1185.40,1194.27,1440,1440,5.01
DAC0_V, DAC1_V, Diff0_V, Diff1_V, ADS0_V, ADS1_V, ADS0_Raw, ADS1_Raw, DAC0_Raw, DAC1_Raw, Vref
0.22702,0.22702,-0.00126,-0.00292,0.22828,0.22994,1217.50,1226.33,1485,1485,5.01
DAC0_V, DAC1_V, Diff0_V, Diff1_V, ADS0_V, ADS1_V, ADS0_Raw, ADS1_Raw, DAC0_Raw, DAC1_Raw, Vref
0.23379,0.23379,-0.00189,-0.00354,0.23568,0.23733,1256.95,1265.74,1530,1530,5.01
DAC0_V, DAC1_V, Diff0_V, Diff1_V, ADS0_V, ADS1_V, ADS0_Raw, ADS1_Raw, DAC0_Raw, DAC1_Raw, Vref
0.24079,0.24079,-0.00146,-0.00307,0.24226,0.24387,1292.04,1300.62,1575,1575,5.01
DAC0_V, DAC1_V, Diff0_V, Diff1_V, ADS0_V, ADS1_V, ADS0_Raw, ADS1_Raw, DAC0_Raw, DAC1_Raw, Vref
0.24750,0.24750,-0.00205,-0.00358,0.24954,0.25107,1330.89,1339.06,1620,1620,5.01
DAC0_V, DAC1_V, Diff0_V, Diff1_V, ADS0_V, ADS1_V, ADS0_Raw, ADS1_Raw, DAC0_Raw, DAC1_Raw, Vref
0.25434,0.25434,-0.00255,-0.00417,0.25689,0.25851,1370.07,1378.73,1665,1665,5.01
DAC0_V, DAC1_V, Diff0_V, Diff1_V, ADS0_V, ADS1_V, ADS0_Raw, ADS1_Raw, DAC0_Raw, DAC1_Raw, Vref
0.26120,0.26120,-0.00172,-0.00378,0.26293,0.26499,1402.29,1413.26,1710,1710,5.01
DAC0_V, DAC1_V, Diff0_V, Diff1_V, ADS0_V, ADS1_V, ADS0_Raw, ADS1_Raw, DAC0_Raw, DAC1_Raw, Vref
0.26806,0.26806,-0.00213,-0.00376,0.27019,0.27183,1441.03,1449.75,1755,1755,5.00
DAC0_V, DAC1_V, Diff0_V, Diff1_V, ADS0_V, ADS1_V, ADS0_Raw, ADS1_Raw, DAC0_Raw, DAC1_Raw, Vref
0.27495,0.27495,-0.00248,-0.00509,0.27744,0.28005,1479.66,1493.59,1800,1800,5.01
DAC0_V, DAC1_V, Diff0_V, Diff1_V, ADS0_V, ADS1_V, ADS0_Raw, ADS1_Raw, DAC0_Raw, DAC1_Raw, Vref
0.28178,0.28178,-0.00173,-0.00429,0.28352,0.28607,1512.08,1525.73,1845,1845,5.00
DAC0_V, DAC1_V, Diff0_V, Diff1_V, ADS0_V, ADS1_V, ADS0_Raw, ADS1_Raw, DAC0_Raw, DAC1_Raw, Vref
0.28919,0.28919,-0.00168,-0.00432,0.29087,0.29351,1551.29,1565.36,1890,1890,5.01
DAC0_V, DAC1_V, Diff0_V, Diff1_V, ADS0_V, ADS1_V, ADS0_Raw, ADS1_Raw, DAC0_Raw, DAC1_Raw, Vref
0.29614,0.29614,-0.00071,-0.00338,0.29685,0.29953,1583.20,1597.48,1935,1935,5.01
DAC0_V, DAC1_V, Diff0_V, Diff1_V, ADS0_V, ADS1_V, ADS0_Raw, ADS1_Raw, DAC0_Raw, DAC1_Raw, Vref
0.30285,0.30285,-0.00125,-0.00380,0.30410,0.30666,1621.87,1635.50,1980,1980,5.01
DAC0_V, DAC1_V, Diff0_V, Diff1_V, ADS0_V, ADS1_V, ADS0_Raw, ADS1_Raw, DAC0_Raw, DAC1_Raw, Vref
0.30913,0.30913,-0.00233,-0.00485,0.31147,0.31398,1661.15,1674.58,2025,2025,5.00
DAC0_V, DAC1_V, Diff0_V, Diff1_V, ADS0_V, ADS1_V, ADS0_Raw, ADS1_Raw, DAC0_Raw, DAC1_Raw, Vref
0.31479,0.31479,-0.00518,-0.00350,0.31997,0.31829,1706.49,1697.52,2070,2070,4.98
DAC0_V, DAC1_V, Diff0_V, Diff1_V, ADS0_V, ADS1_V, ADS0_Raw, ADS1_Raw, DAC0_Raw, DAC1_Raw, Vref
0.32116,0.32116,-0.00613,-0.00440,0.32729,0.32556,1745.53,1736.32,2115,2115,4.98
DAC0_V, DAC1_V, Diff0_V, Diff1_V, ADS0_V, ADS1_V, ADS0_Raw, ADS1_Raw, DAC0_Raw, DAC1_Raw, Vref
0.32789,0.32789,-0.00671,-0.00492,0.33460,0.33281,1784.52,1774.97,2160,2160,4.97
DAC0_V, DAC1_V, Diff0_V, Diff1_V, ADS0_V, ADS1_V, ADS0_Raw, ADS1_Raw, DAC0_Raw, DAC1_Raw, Vref
0.33439,0.33439,-0.00621,-0.00457,0.34061,0.33897,1816.57,1807.82,2205,2205,4.97
DAC0_V, DAC1_V, Diff0_V, Diff1_V, ADS0_V, ADS1_V, ADS0_Raw, ADS1_Raw, DAC0_Raw, DAC1_Raw, Vref
0.34174,0.34174,-0.00624,-0.00434,0.34798,0.34608,1855.87,1845.76,2250,2250,4.98
DAC0_V, DAC1_V, Diff0_V, Diff1_V, ADS0_V, ADS1_V, ADS0_Raw, ADS1_Raw, DAC0_Raw, DAC1_Raw, Vref
0.34844,0.34844,-0.00560,-0.00366,0.35404,0.35210,1888.21,1877.86,2295,2295,4.97
DAC0_V, DAC1_V, Diff0_V, Diff1_V, ADS0_V, ADS1_V, ADS0_Raw, ADS1_Raw, DAC0_Raw, DAC1_Raw, Vref
0.35533,0.35533,-0.00594,-0.00506,0.36128,0.36039,1926.80,1922.06,2340,2340,4.98
DAC0_V, DAC1_V, Diff0_V, Diff1_V, ADS0_V, ADS1_V, ADS0_Raw, ADS1_Raw, DAC0_Raw, DAC1_Raw, Vref
0.36229,0.36229,-0.00625,-0.00517,0.36854,0.36747,1965.57,1959.83,2385,2385,4.98
DAC0_V, DAC1_V, Diff0_V, Diff1_V, ADS0_V, ADS1_V, ADS0_Raw, ADS1_Raw, DAC0_Raw, DAC1_Raw, Vref
0.36922,0.36922,-0.00522,-0.00400,0.37445,0.37322,1997.04,1990.50,2430,2430,4.98
DAC0_V, DAC1_V, Diff0_V, Diff1_V, ADS0_V, ADS1_V, ADS0_Raw, ADS1_Raw, DAC0_Raw, DAC1_Raw, Vref
0.37635,0.37635,-0.00552,-0.00441,0.38187,0.38076,2036.64,2030.72,2475,2475,4.98
DAC0_V, DAC1_V, Diff0_V, Diff1_V, ADS0_V, ADS1_V, ADS0_Raw, ADS1_Raw, DAC0_Raw, DAC1_Raw, Vref
0.38320,0.38320,-0.00590,-0.00472,0.38910,0.38792,2075.19,2068.93,2520,2520,4.98
DAC0_V, DAC1_V, Diff0_V, Diff1_V, ADS0_V, ADS1_V, ADS0_Raw, ADS1_Raw, DAC0_Raw, DAC1_Raw, Vref
0.38954,0.38954,-0.00618,-0.00502,0.39573,0.39457,2110.55,2104.36,2565,2565,4.98
DAC0_V, DAC1_V, Diff0_V, Diff1_V, ADS0_V, ADS1_V, ADS0_Raw, ADS1_Raw, DAC0_Raw, DAC1_Raw, Vref
0.39717,0.39717,-0.00581,-0.00433,0.40298,0.40150,2149.22,2141.32,2610,2610,4.99
DAC0_V, DAC1_V, Diff0_V, Diff1_V, ADS0_V, ADS1_V, ADS0_Raw, ADS1_Raw, DAC0_Raw, DAC1_Raw, Vref
0.40527,0.40527,-0.00357,-0.00189,0.40885,0.40717,2180.52,2171.56,2655,2655,5.00
DAC0_V, DAC1_V, Diff0_V, Diff1_V, ADS0_V, ADS1_V, ADS0_Raw, ADS1_Raw, DAC0_Raw, DAC1_Raw, Vref
0.41230,0.41230,-0.00393,-0.00220,0.41623,0.41450,2219.88,2210.67,2700,2700,5.00
DAC0_V, DAC1_V, Diff0_V, Diff1_V, ADS0_V, ADS1_V, ADS0_Raw, ADS1_Raw, DAC0_Raw, DAC1_Raw, Vref
0.41928,0.41928,-0.00421,-0.00245,0.42349,0.42173,2258.59,2249.21,2745,2745,5.00
DAC0_V, DAC1_V, Diff0_V, Diff1_V, ADS0_V, ADS1_V, ADS0_Raw, ADS1_Raw, DAC0_Raw, DAC1_Raw, Vref
0.42614,0.42614,-0.00350,-0.00180,0.42965,0.42795,2291.46,2282.39,2790,2790,5.00
DAC0_V, DAC1_V, Diff0_V, Diff1_V, ADS0_V, ADS1_V, ADS0_Raw, ADS1_Raw, DAC0_Raw, DAC1_Raw, Vref
0.43297,0.43297,-0.00382,-0.00292,0.43680,0.43589,2329.58,2324.77,2835,2835,5.00
DAC0_V, DAC1_V, Diff0_V, Diff1_V, ADS0_V, ADS1_V, ADS0_Raw, ADS1_Raw, DAC0_Raw, DAC1_Raw, Vref
0.44000,0.44000,-0.00406,-0.00306,0.44406,0.44306,2368.30,2362.96,2880,2880,5.01
DAC0_V, DAC1_V, Diff0_V, Diff1_V, ADS0_V, ADS1_V, ADS0_Raw, ADS1_Raw, DAC0_Raw, DAC1_Raw, Vref
0.44695,0.44695,-0.00315,-0.00206,0.45010,0.44901,2400.53,2394.73,2925,2925,5.01
DAC0_V, DAC1_V, Diff0_V, Diff1_V, ADS0_V, ADS1_V, ADS0_Raw, ADS1_Raw, DAC0_Raw, DAC1_Raw, Vref
0.45393,0.45393,-0.00340,-0.00220,0.45733,0.45613,2439.08,2432.70,2970,2970,5.01
DAC0_V, DAC1_V, Diff0_V, Diff1_V, ADS0_V, ADS1_V, ADS0_Raw, ADS1_Raw, DAC0_Raw, DAC1_Raw, Vref
0.46083,0.46083,-0.00267,-0.00144,0.46351,0.46DAC0_V, DAC1_V, Diff0_V, Diff1_V, ADS0_V, ADS1_V, ADS0_Raw, ADS1_Raw, DAC0_Raw, DAC1_Raw, Vref
0.47339,0.47339,-0.00502,-0.00170,0.47841,0.47509,2551.52,2533.81,3105,3105,5.00
DAC0_V, DAC1_V, Diff0_V, Diff1_V, ADS0_V, ADS1_V, ADS0_Raw, ADS1_Raw, DAC0_Raw, DAC1_Raw, Vref
0.48162,0.48162,-0.00273,0.00059,0.48434,0.48103,2583.16,2565.48,3150,3150,5.01
DAC0_V, DAC1_V, Diff0_V, Diff1_V, ADS0_V, ADS1_V, ADS0_Raw, ADS1_Raw, DAC0_Raw, DAC1_Raw, Vref
0.48862,0.48862,-0.00305,0.00037,0.49167,0.48825,2622.26,2604.02,3195,3195,5.01
DAC0_V, DAC1_V, Diff0_V, Diff1_V, ADS0_V, ADS1_V, ADS0_Raw, ADS1_Raw, DAC0_Raw, DAC1_Raw, Vref
0.49559,0.49559,-0.00348,-0.00002,0.49906,0.49560,2661.68,2643.22,3240,3240,5.01
DAC0_V, DAC1_V, Diff0_V, Diff1_V, ADS0_V, ADS1_V, ADS0_Raw, ADS1_Raw, DAC0_Raw, DAC1_Raw, Vref
0.50118,0.50118,-0.00397,-0.00043,0.50515,0.50161,2694.13,2675.25,3285,3285,5.00
DAC0_V, DAC1_V, Diff0_V, Diff1_V, ADS0_V, ADS1_V, ADS0_Raw, ADS1_Raw, DAC0_Raw, DAC1_Raw, Vref
0.50804,0.50804,-0.00436,-0.00183,0.51240,0.50987,2732.80,2719.32,3330,3330,5.00
DAC0_V, DAC1_V, Diff0_V, Diff1_V, ADS0_V, ADS1_V, ADS0_Raw, ADS1_Raw, DAC0_Raw, DAC1_Raw, Vref
0.51504,0.51504,-0.00340,-0.00076,0.51844,0.51580,2765.01,2750.91,3375,3375,5.00
DAC0_V, DAC1_V, Diff0_V, Diff1_V, ADS0_V, ADS1_V, ADS0_Raw, ADS1_Raw, DAC0_Raw, DAC1_Raw, Vref
0.52195,0.52195,-0.00376,-0.00101,0.52570,0.52296,2803.76,2789.10,3420,3420,5.00
DAC0_V, DAC1_V, Diff0_V, Diff1_V, ADS0_V, ADS1_V, ADS0_Raw, ADS1_Raw, DAC0_Raw, DAC1_Raw, Vref
0.52887,0.52887,-0.00422,-0.00150,0.53309,0.53037,2843.14,2828.63,3465,3465,5.00
DAC0_V, DAC1_V, Diff0_V, Diff1_V, ADS0_V, ADS1_V, ADS0_Raw, ADS1_Raw, DAC0_Raw, DAC1_Raw, Vref
0.53576,0.53576,-0.00339,-0.00063,0.53915,0.53639,2875.47,2860.74,3510,3510,5.00
DAC0_V, DAC1_V, Diff0_V, Diff1_V, ADS0_V, ADS1_V, ADS0_Raw, ADS1_Raw, DAC0_Raw, DAC1_Raw, Vref
0.54271,0.54271,-0.00376,-0.00098,0.54647,0.54369,2914.53,2899.67,3555,3555,5.00
DAC0_V, DAC1_V, Diff0_V, Diff1_V, ADS0_V, ADS1_V, ADS0_Raw, ADS1_Raw, DAC0_Raw, DAC1_Raw, Vref
0.54956,0.54956,-0.00446,-0.00161,0.55402,0.55116,2954.77,2939.53,3600,3600,5.00
DAC0_V, DAC1_V, Diff0_V, Diff1_V, ADS0_V, ADS1_V, ADS0_Raw, ADS1_Raw, DAC0_Raw, DAC1_Raw, Vref
0.55648,0.55648,-0.00360,-0.00072,0.56007,0.55719,2987.05,2971.70,3645,3645,5.00
DAC0_V, DAC1_V, Diff0_V, Diff1_V, ADS0_V, ADS1_V, ADS0_Raw, ADS1_Raw, DAC0_Raw, DAC1_Raw, Vref
0.56343,0.56343,-0.00393,-0.00103,0.56737,0.56447,3025.96,3010.50,3690,3690,5.00
DAC0_V, DAC1_V, Diff0_V, Diff1_V, ADS0_V, ADS1_V, ADS0_Raw, ADS1_Raw, DAC0_Raw, DAC1_Raw, Vref
0.56977,0.56977,-0.00382,-0.00089,0.57360,0.57067,3059.19,3043.56,3735,3735,5.00
